Nr. Linii;Godzina;Liczba przejazdów;Pętla1;Pętla 2
1;04:00;3;POŚWIĘTNE;BISKUPIN
1;05:00;4;POŚWIĘTNE;BISKUPIN
1;06:00;5;POŚWIĘTNE;BISKUPIN
1;07:00;5;POŚWIĘTNE;BISKUPIN
1;08:00;5;POŚWIĘTNE;BISKUPIN
1;09:00;4;POŚWIĘTNE;BISKUPIN
1;10:00;4;POŚWIĘTNE;BISKUPIN
1;11:00;4;POŚWIĘTNE;BISKUPIN
1;12:00;4;POŚWIĘTNE;BISKUPIN
1;13:00;4;POŚWIĘTNE;BISKUPIN
1;14:00;5;POŚWIĘTNE;BISKUPIN
1;15:00;5;POŚWIĘTNE;BISKUPIN
1;16:00;5;POŚWIĘTNE;BISKUPIN
1;17:00;4;POŚWIĘTNE;BISKUPIN
1;18:00;4;POŚWIĘTNE;BISKUPIN
1;19:00;4;POŚWIĘTNE;BISKUPIN
1;20:00;3;POŚWIĘTNE;BISKUPIN
1;21:00;3;POŚWIĘTNE;BISKUPIN
1;22:00;2;POŚWIĘTNE;BISKUPIN
1;23:00;0;POŚWIĘTNE;BISKUPIN
1;00:00;0;POŚWIĘTNE;BISKUPIN
1;01:00;0;POŚWIĘTNE;BISKUPIN
1;02:00;0;POŚWIĘTNE;BISKUPIN
1;03:00;0;POŚWIĘTNE;BISKUPIN
2;04:00;0;BISKUPIN;KRZYKI
2;05:00;4;BISKUPIN;KRZYKI
2;06:00;5;BISKUPIN;KRZYKI
2;07:00;5;BISKUPIN;KRZYKI
2;08:00;5;BISKUPIN;KRZYKI
2;09:00;4;BISKUPIN;KRZYKI
2;10:00;4;BISKUPIN;KRZYKI
2;11:00;4;BISKUPIN;KRZYKI
2;12:00;4;BISKUPIN;KRZYKI
2;13:00;4;BISKUPIN;KRZYKI
2;14:00;5;BISKUPIN;KRZYKI
2;15:00;5;BISKUPIN;KRZYKI
2;16:00;5;BISKUPIN;KRZYKI
2;17:00;5;BISKUPIN;KRZYKI
2;18:00;4;BISKUPIN;KRZYKI
2;19:00;4;BISKUPIN;KRZYKI
2;20:00;5;BISKUPIN;KRZYKI
2;21:00;3;BISKUPIN;KRZYKI
2;22:00;3;BISKUPIN;KRZYKI
2;23:00;5;BISKUPIN;KRZYKI
2;00:00;0;BISKUPIN;KRZYKI
2;01:00;0;BISKUPIN;KRZYKI
2;02:00;0;BISKUPIN;KRZYKI
2;03:00;0;BISKUPIN;KRZYKI
3;04:00;2;KSIĘŻE MAŁE;LEŚNICA
3;05:00;5;KSIĘŻE MAŁE;LEŚNICA
3;06:00;4;KSIĘŻE MAŁE;LEŚNICA
3;07:00;5;KSIĘŻE MAŁE;LEŚNICA
3;08:00;5;KSIĘŻE MAŁE;LEŚNICA
3;09:00;5;KSIĘŻE MAŁE;LEŚNICA
3;10:00;4;KSIĘŻE MAŁE;LEŚNICA
3;11:00;4;KSIĘŻE MAŁE;LEŚNICA
3;12:00;4;KSIĘŻE MAŁE;LEŚNICA
3;13:00;4;KSIĘŻE MAŁE;LEŚNICA
3;14:00;4;KSIĘŻE MAŁE;LEŚNICA
3;15:00;5;KSIĘŻE MAŁE;LEŚNICA
3;16:00;5;KSIĘŻE MAŁE;LEŚNICA
3;17:00;5;KSIĘŻE MAŁE;LEŚNICA
3;18:00;5;KSIĘŻE MAŁE;LEŚNICA
3;19:00;4;KSIĘŻE MAŁE;LEŚNICA
3;20:00;3;KSIĘŻE MAŁE;LEŚNICA
3;21:00;3;KSIĘŻE MAŁE;LEŚNICA
3;22:00;3;KSIĘŻE MAŁE;LEŚNICA
3;23:00;0;KSIĘŻE MAŁE;LEŚNICA
3;00:00;0;KSIĘŻE MAŁE;LEŚNICA
3;01:00;0;KSIĘŻE MAŁE;LEŚNICA
3;02:00;0;KSIĘŻE MAŁE;LEŚNICA
3;03:00;0;KSIĘŻE MAŁE;LEŚNICA
4;04:00;1;OPORÓW;BISKUPIN
4;05:00;4;OPORÓW;BISKUPIN
4;06:00;5;OPORÓW;BISKUPIN
4;07:00;5;OPORÓW;BISKUPIN
4;08:00;5;OPORÓW;BISKUPIN
4;09:00;4;OPORÓW;BISKUPIN
4;10:00;4;OPORÓW;BISKUPIN
4;11:00;4;OPORÓW;BISKUPIN
4;12:00;4;OPORÓW;BISKUPIN
4;13:00;4;OPORÓW;BISKUPIN
4;14:00;5;OPORÓW;BISKUPIN
4;15:00;5;OPORÓW;BISKUPIN
4;16:00;5;OPORÓW;BISKUPIN
4;17:00;5;OPORÓW;BISKUPIN
4;18:00;4;OPORÓW;BISKUPIN
4;19:00;4;OPORÓW;BISKUPIN
4;20:00;3;OPORÓW;BISKUPIN
4;21:00;3;OPORÓW;BISKUPIN
4;22:00;3;OPORÓW;BISKUPIN
4;23:00;2;OPORÓW;BISKUPIN
4;00:00;0;OPORÓW;BISKUPIN
4;01:00;0;OPORÓW;BISKUPIN
4;02:00;0;OPORÓW;BISKUPIN
4;03:00;0;OPORÓW;BISKUPIN
5;04:00;0;KSIĘŻE MAŁE;GRABISZYŃSKA (CMENTARZ)
5;05:00;3;KSIĘŻE MAŁE;GRABISZYŃSKA (CMENTARZ)
5;06:00;5;KSIĘŻE MAŁE;GRABISZYŃSKA (CMENTARZ)
5;07:00;5;KSIĘŻE MAŁE;GRABISZYŃSKA (CMENTARZ)
5;08:00;5;KSIĘŻE MAŁE;GRABISZYŃSKA (CMENTARZ)
5;09:00;4;KSIĘŻE MAŁE;GRABISZYŃSKA (CMENTARZ)
5;10:00;4;KSIĘŻE MAŁE;GRABISZYŃSKA (CMENTARZ)
5;11:00;4;KSIĘŻE MAŁE;GRABISZYŃSKA (CMENTARZ)
5;12:00;4;KSIĘŻE MAŁE;GRABISZYŃSKA (CMENTARZ)
5;13:00;5;KSIĘŻE MAŁE;GRABISZYŃSKA (CMENTARZ)
5;14:00;5;KSIĘŻE MAŁE;GRABISZYŃSKA (CMENTARZ)
5;15:00;5;KSIĘŻE MAŁE;GRABISZYŃSKA (CMENTARZ)
5;16:00;5;KSIĘŻE MAŁE;GRABISZYŃSKA (CMENTARZ)
5;17:00;5;KSIĘŻE MAŁE;GRABISZYŃSKA (CMENTARZ)
5;18:00;4;KSIĘŻE MAŁE;GRABISZYŃSKA (CMENTARZ)
5;19:00;4;KSIĘŻE MAŁE;GRABISZYŃSKA (CMENTARZ)
5;20:00;4;KSIĘŻE MAŁE;GRABISZYŃSKA (CMENTARZ)
5;21:00;3;KSIĘŻE MAŁE;GRABISZYŃSKA (CMENTARZ)
5;22:00;3;KSIĘŻE MAŁE;GRABISZYŃSKA (CMENTARZ)
5;23:00;2;KSIĘŻE MAŁE;GRABISZYŃSKA (CMENTARZ)
5;00:00;0;KSIĘŻE MAŁE;GRABISZYŃSKA (CMENTARZ)
5;01:00;0;KSIĘŻE MAŁE;GRABISZYŃSKA (CMENTARZ)
5;02:00;0;KSIĘŻE MAŁE;GRABISZYŃSKA (CMENTARZ)
5;03:00;0;KSIĘŻE MAŁE;GRABISZYŃSKA (CMENTARZ)
6;04:00;0;KROMERA;KRZYKI
6;05:00;2;KROMERA;KRZYKI
6;06:00;4;KROMERA;KRZYKI
6;07:00;5;KROMERA;KRZYKI
6;08:00;5;KROMERA;KRZYKI
6;09:00;6;KROMERA;KRZYKI
6;10:00;4;KROMERA;KRZYKI
6;11:00;4;KROMERA;KRZYKI
6;12:00;4;KROMERA;KRZYKI
6;13:00;4;KROMERA;KRZYKI
6;14:00;4;KROMERA;KRZYKI
6;15:00;5;KROMERA;KRZYKI
6;16:00;5;KROMERA;KRZYKI
6;17:00;5;KROMERA;KRZYKI
6;18:00;5;KROMERA;KRZYKI
6;19:00;4;KROMERA;KRZYKI
6;20:00;3;KROMERA;KRZYKI
6;21:00;3;KROMERA;KRZYKI
6;22:00;3;KROMERA;KRZYKI
6;23:00;0;KROMERA;KRZYKI
6;00:00;0;KROMERA;KRZYKI
6;01:00;0;KROMERA;KRZYKI
6;02:00;0;KROMERA;KRZYKI
6;03:00;0;KROMERA;KRZYKI
7;04:00;3;POŚWIĘTNE;KRZYKI
7;05:00;4;POŚWIĘTNE;KRZYKI
7;06:00;4;POŚWIĘTNE;KRZYKI
7;07:00;5;POŚWIĘTNE;KRZYKI
7;08:00;5;POŚWIĘTNE;KRZYKI
7;09:00;5;POŚWIĘTNE;KRZYKI
7;10:00;4;POŚWIĘTNE;KRZYKI
7;11:00;4;POŚWIĘTNE;KRZYKI
7;12:00;4;POŚWIĘTNE;KRZYKI
7;13:00;4;POŚWIĘTNE;KRZYKI
7;14:00;4;POŚWIĘTNE;KRZYKI
7;15:00;5;POŚWIĘTNE;KRZYKI
7;16:00;5;POŚWIĘTNE;KRZYKI
7;17:00;5;POŚWIĘTNE;KRZYKI
7;18:00;5;POŚWIĘTNE;KRZYKI
7;19:00;4;POŚWIĘTNE;KRZYKI
7;20:00;3;POŚWIĘTNE;KRZYKI
7;21:00;3;POŚWIĘTNE;KRZYKI
7;22:00;3;POŚWIĘTNE;KRZYKI
7;23:00;3;POŚWIĘTNE;KRZYKI
7;00:00;0;POŚWIĘTNE;KRZYKI
7;01:00;0;POŚWIĘTNE;KRZYKI
7;02:00;0;POŚWIĘTNE;KRZYKI
7;03:00;0;POŚWIĘTNE;KRZYKI
8;04:00;0;KARŁOWICE;TARNOGAJ
8;05:00;4;KARŁOWICE;TARNOGAJ
8;06:00;5;KARŁOWICE;TARNOGAJ
8;07:00;5;KARŁOWICE;TARNOGAJ
8;08:00;5;KARŁOWICE;TARNOGAJ
8;09:00;4;KARŁOWICE;TARNOGAJ
8;10:00;4;KARŁOWICE;TARNOGAJ
8;11:00;4;KARŁOWICE;TARNOGAJ
8;12:00;4;KARŁOWICE;TARNOGAJ
8;13:00;4;KARŁOWICE;TARNOGAJ
8;14:00;4;KARŁOWICE;TARNOGAJ
8;15:00;5;KARŁOWICE;TARNOGAJ
8;16:00;5;KARŁOWICE;TARNOGAJ
8;17:00;5;KARŁOWICE;TARNOGAJ
8;18:00;4;KARŁOWICE;TARNOGAJ
8;19:00;4;KARŁOWICE;TARNOGAJ
8;20:00;4;KARŁOWICE;TARNOGAJ
8;21:00;3;KARŁOWICE;TARNOGAJ
8;22:00;3;KARŁOWICE;TARNOGAJ
8;23:00;2;KARŁOWICE;TARNOGAJ
8;00:00;0;KARŁOWICE;TARNOGAJ
8;01:00;0;KARŁOWICE;TARNOGAJ
8;02:00;0;KARŁOWICE;TARNOGAJ
8;03:00;0;KARŁOWICE;TARNOGAJ
9;04:00;4;PARK POŁUDNIOWY ;SĘPOLNO
9;05:00;7;PARK POŁUDNIOWY ;SĘPOLNO
9;06:00;4;PARK POŁUDNIOWY ;SĘPOLNO
9;07:00;5;PARK POŁUDNIOWY ;SĘPOLNO
9;08:00;5;PARK POŁUDNIOWY ;SĘPOLNO
9;09:00;5;PARK POŁUDNIOWY ;SĘPOLNO
9;10:00;4;PARK POŁUDNIOWY ;SĘPOLNO
9;11:00;4;PARK POŁUDNIOWY ;SĘPOLNO
9;12:00;4;PARK POŁUDNIOWY ;SĘPOLNO
9;13:00;5;PARK POŁUDNIOWY ;SĘPOLNO
9;14:00;4;PARK POŁUDNIOWY ;SĘPOLNO
9;15:00;5;PARK POŁUDNIOWY ;SĘPOLNO
9;16:00;5;PARK POŁUDNIOWY ;SĘPOLNO
9;17:00;5;PARK POŁUDNIOWY ;SĘPOLNO
9;18:00;5;PARK POŁUDNIOWY ;SĘPOLNO
9;19:00;4;PARK POŁUDNIOWY ;SĘPOLNO
9;20:00;3;PARK POŁUDNIOWY ;SĘPOLNO
9;21:00;3;PARK POŁUDNIOWY ;SĘPOLNO
9;22:00;3;PARK POŁUDNIOWY ;SĘPOLNO
9;23:00;1;PARK POŁUDNIOWY ;SĘPOLNO
9;00:00;0;PARK POŁUDNIOWY ;SĘPOLNO
9;01:00;0;PARK POŁUDNIOWY ;SĘPOLNO
9;02:00;0;PARK POŁUDNIOWY ;SĘPOLNO
9;03:00;0;PARK POŁUDNIOWY ;SĘPOLNO
10;04:00;0;BISKUPIN;LEŚNICA
10;05:00;3;BISKUPIN;LEŚNICA
10;06:00;4;BISKUPIN;LEŚNICA
10;07:00;5;BISKUPIN;LEŚNICA
10;08:00;5;BISKUPIN;LEŚNICA
10;09:00;5;BISKUPIN;LEŚNICA
10;10:00;4;BISKUPIN;LEŚNICA
10;11:00;4;BISKUPIN;LEŚNICA
10;12:00;4;BISKUPIN;LEŚNICA
10;13:00;4;BISKUPIN;LEŚNICA
10;14:00;4;BISKUPIN;LEŚNICA
10;15:00;5;BISKUPIN;LEŚNICA
10;16:00;5;BISKUPIN;LEŚNICA
10;17:00;5;BISKUPIN;LEŚNICA
10;18:00;5;BISKUPIN;LEŚNICA
10;19:00;4;BISKUPIN;LEŚNICA
10;20:00;3;BISKUPIN;LEŚNICA
10;21:00;3;BISKUPIN;LEŚNICA
10;22:00;2;BISKUPIN;LEŚNICA
10;23:00;1;BISKUPIN;LEŚNICA
10;00:00;0;BISKUPIN;LEŚNICA
10;01:00;0;BISKUPIN;LEŚNICA
10;02:00;0;BISKUPIN;LEŚNICA
10;03:00;0;BISKUPIN;LEŚNICA
11;04:00;1;OPORÓW;KROMERA
11;05:00;4;OPORÓW;KROMERA
11;06:00;5;OPORÓW;KROMERA
11;07:00;5;OPORÓW;KROMERA
11;08:00;5;OPORÓW;KROMERA
11;09:00;4;OPORÓW;KROMERA
11;10:00;4;OPORÓW;KROMERA
11;11:00;4;OPORÓW;KROMERA
11;12:00;4;OPORÓW;KROMERA
11;13:00;4;OPORÓW;KROMERA
11;14:00;5;OPORÓW;KROMERA
11;15:00;5;OPORÓW;KROMERA
11;16:00;5;OPORÓW;KROMERA
11;17:00;5;OPORÓW;KROMERA
11;18:00;4;OPORÓW;KROMERA
11;19:00;3;OPORÓW;KROMERA
11;20:00;3;OPORÓW;KROMERA
11;21:00;3;OPORÓW;KROMERA
11;22:00;4;OPORÓW;KROMERA
11;23:00;4;OPORÓW;KROMERA
11;00:00;0;OPORÓW;KROMERA
11;01:00;0;OPORÓW;KROMERA
11;02:00;0;OPORÓW;KROMERA
11;03:00;0;OPORÓW;KROMERA
12;04:00;0;SĘPOLNO;GÓRNICZA
12;05:00;2;SĘPOLNO;GÓRNICZA
12;06:00;5;SĘPOLNO;GÓRNICZA
12;07:00;5;SĘPOLNO;GÓRNICZA
12;08:00;4;SĘPOLNO;GÓRNICZA
12;09:00;9;SĘPOLNO;GÓRNICZA
12;10:00;4;SĘPOLNO;GÓRNICZA
12;11:00;4;SĘPOLNO;GÓRNICZA
12;12:00;4;SĘPOLNO;GÓRNICZA
12;13:00;4;SĘPOLNO;GÓRNICZA
12;14:00;5;SĘPOLNO;GÓRNICZA
12;15:00;5;SĘPOLNO;GÓRNICZA
12;16:00;5;SĘPOLNO;GÓRNICZA
12;17:00;4;SĘPOLNO;GÓRNICZA
12;18:00;5;SĘPOLNO;GÓRNICZA
12;19:00;5;SĘPOLNO;GÓRNICZA
12;20:00;4;SĘPOLNO;GÓRNICZA
12;21:00;3;SĘPOLNO;GÓRNICZA
12;22:00;3;SĘPOLNO;GÓRNICZA
12;23:00;0;SĘPOLNO;GÓRNICZA
12;00:00;0;SĘPOLNO;GÓRNICZA
12;01:00;0;SĘPOLNO;GÓRNICZA
12;02:00;0;SĘPOLNO;GÓRNICZA
12;03:00;0;SĘPOLNO;GÓRNICZA
13;04:00;0;STADION OLIMPIJSKI;WROCŁAW NOWY DWÓR (P+R)
13;05:00;4;STADION OLIMPIJSKI;WROCŁAW NOWY DWÓR (P+R)
13;06:00;4;STADION OLIMPIJSKI;WROCŁAW NOWY DWÓR (P+R)
13;07:00;5;STADION OLIMPIJSKI;WROCŁAW NOWY DWÓR (P+R)
13;08:00;6;STADION OLIMPIJSKI;WROCŁAW NOWY DWÓR (P+R)
13;09:00;5;STADION OLIMPIJSKI;WROCŁAW NOWY DWÓR (P+R)
13;10:00;4;STADION OLIMPIJSKI;WROCŁAW NOWY DWÓR (P+R)
13;11:00;4;STADION OLIMPIJSKI;WROCŁAW NOWY DWÓR (P+R)
13;12:00;4;STADION OLIMPIJSKI;WROCŁAW NOWY DWÓR (P+R)
13;13:00;4;STADION OLIMPIJSKI;WROCŁAW NOWY DWÓR (P+R)
13;14:00;4;STADION OLIMPIJSKI;WROCŁAW NOWY DWÓR (P+R)
13;15:00;5;STADION OLIMPIJSKI;WROCŁAW NOWY DWÓR (P+R)
13;16:00;5;STADION OLIMPIJSKI;WROCŁAW NOWY DWÓR (P+R)
13;17:00;6;STADION OLIMPIJSKI;WROCŁAW NOWY DWÓR (P+R)
13;18:00;5;STADION OLIMPIJSKI;WROCŁAW NOWY DWÓR (P+R)
13;19:00;4;STADION OLIMPIJSKI;WROCŁAW NOWY DWÓR (P+R)
13;20:00;4;STADION OLIMPIJSKI;WROCŁAW NOWY DWÓR (P+R)
13;21:00;3;STADION OLIMPIJSKI;WROCŁAW NOWY DWÓR (P+R)
13;22:00;4;STADION OLIMPIJSKI;WROCŁAW NOWY DWÓR (P+R)
13;23:00;1;STADION OLIMPIJSKI;WROCŁAW NOWY DWÓR (P+R)
13;00:00;0;STADION OLIMPIJSKI;WROCŁAW NOWY DWÓR (P+R)
13;01:00;0;STADION OLIMPIJSKI;WROCŁAW NOWY DWÓR (P+R)
13;02:00;0;STADION OLIMPIJSKI;WROCŁAW NOWY DWÓR (P+R)
13;03:00;0;STADION OLIMPIJSKI;WROCŁAW NOWY DWÓR (P+R)
14;04:00;0;DWORZEC NADODRZE;KRZYKI
14;05:00;3;DWORZEC NADODRZE;KRZYKI
14;06:00;5;DWORZEC NADODRZE;KRZYKI
14;07:00;5;DWORZEC NADODRZE;KRZYKI
14;08:00;5;DWORZEC NADODRZE;KRZYKI
14;09:00;4;DWORZEC NADODRZE;KRZYKI
14;10:00;4;DWORZEC NADODRZE;KRZYKI
14;11:00;4;DWORZEC NADODRZE;KRZYKI
14;12:00;4;DWORZEC NADODRZE;KRZYKI
14;13:00;4;DWORZEC NADODRZE;KRZYKI
14;14:00;5;DWORZEC NADODRZE;KRZYKI
14;15:00;5;DWORZEC NADODRZE;KRZYKI
14;16:00;5;DWORZEC NADODRZE;KRZYKI
14;17:00;5;DWORZEC NADODRZE;KRZYKI
14;18:00;4;DWORZEC NADODRZE;KRZYKI
14;19:00;4;DWORZEC NADODRZE;KRZYKI
14;20:00;3;DWORZEC NADODRZE;KRZYKI
14;21:00;3;DWORZEC NADODRZE;KRZYKI
14;22:00;3;DWORZEC NADODRZE;KRZYKI
14;23:00;0;DWORZEC NADODRZE;KRZYKI
14;00:00;0;DWORZEC NADODRZE;KRZYKI
14;01:00;0;DWORZEC NADODRZE;KRZYKI
14;02:00;0;DWORZEC NADODRZE;KRZYKI
14;03:00;0;DWORZEC NADODRZE;KRZYKI
15;04:00;0;POŚWIĘTNE;PARK POŁUDNIOWY
15;05:00;4;POŚWIĘTNE;PARK POŁUDNIOWY
15;06:00;6;POŚWIĘTNE;PARK POŁUDNIOWY
15;07:00;5;POŚWIĘTNE;PARK POŁUDNIOWY
15;08:00;4;POŚWIĘTNE;PARK POŁUDNIOWY
15;09:00;4;POŚWIĘTNE;PARK POŁUDNIOWY
15;10:00;4;POŚWIĘTNE;PARK POŁUDNIOWY
15;11:00;4;POŚWIĘTNE;PARK POŁUDNIOWY
15;12:00;4;POŚWIĘTNE;PARK POŁUDNIOWY
15;13:00;4;POŚWIĘTNE;PARK POŁUDNIOWY
15;14:00;6;POŚWIĘTNE;PARK POŁUDNIOWY
15;15:00;5;POŚWIĘTNE;PARK POŁUDNIOWY
15;16:00;5;POŚWIĘTNE;PARK POŁUDNIOWY
15;17:00;4;POŚWIĘTNE;PARK POŁUDNIOWY
15;18:00;4;POŚWIĘTNE;PARK POŁUDNIOWY
15;19:00;5;POŚWIĘTNE;PARK POŁUDNIOWY
15;20:00;3;POŚWIĘTNE;PARK POŁUDNIOWY
15;21:00;3;POŚWIĘTNE;PARK POŁUDNIOWY
15;22:00;3;POŚWIĘTNE;PARK POŁUDNIOWY
15;23:00;1;POŚWIĘTNE;PARK POŁUDNIOWY
15;00:00;0;POŚWIĘTNE;PARK POŁUDNIOWY
15;01:00;0;POŚWIĘTNE;PARK POŁUDNIOWY
15;02:00;0;POŚWIĘTNE;PARK POŁUDNIOWY
15;03:00;0;POŚWIĘTNE;PARK POŁUDNIOWY
16;04:00;0;KARŁOWICE;TARNOGAJ
16;05:00;3;KARŁOWICE;TARNOGAJ
16;06:00;5;KARŁOWICE;TARNOGAJ
16;07:00;5;KARŁOWICE;TARNOGAJ
16;08:00;5;KARŁOWICE;TARNOGAJ
16;09:00;4;KARŁOWICE;TARNOGAJ
16;10:00;4;KARŁOWICE;TARNOGAJ
16;11:00;4;KARŁOWICE;TARNOGAJ
16;12:00;4;KARŁOWICE;TARNOGAJ
16;13:00;4;KARŁOWICE;TARNOGAJ
16;14:00;5;KARŁOWICE;TARNOGAJ
16;15:00;5;KARŁOWICE;TARNOGAJ
16;16:00;5;KARŁOWICE;TARNOGAJ
16;17:00;5;KARŁOWICE;TARNOGAJ
16;18:00;4;KARŁOWICE;TARNOGAJ
16;19:00;5;KARŁOWICE;TARNOGAJ
16;20:00;3;KARŁOWICE;TARNOGAJ
16;21:00;3;KARŁOWICE;TARNOGAJ
16;22:00;4;KARŁOWICE;TARNOGAJ
16;23:00;2;KARŁOWICE;TARNOGAJ
16;00:00;0;KARŁOWICE;TARNOGAJ
16;01:00;0;KARŁOWICE;TARNOGAJ
16;02:00;0;KARŁOWICE;TARNOGAJ
16;03:00;0;KARŁOWICE;TARNOGAJ
17;04:00;0;SĘPOLNO;KLECINA
17;05:00;4;SĘPOLNO;KLECINA
17;06:00;5;SĘPOLNO;KLECINA
17;07:00;5;SĘPOLNO;KLECINA
17;08:00;5;SĘPOLNO;KLECINA
17;09:00;4;SĘPOLNO;KLECINA
17;10:00;4;SĘPOLNO;KLECINA
17;11:00;4;SĘPOLNO;KLECINA
17;12:00;4;SĘPOLNO;KLECINA
17;13:00;4;SĘPOLNO;KLECINA
17;14:00;5;SĘPOLNO;KLECINA
17;15:00;5;SĘPOLNO;KLECINA
17;16:00;5;SĘPOLNO;KLECINA
17;17:00;5;SĘPOLNO;KLECINA
17;18:00;4;SĘPOLNO;KLECINA
17;19:00;4;SĘPOLNO;KLECINA
17;20:00;4;SĘPOLNO;KLECINA
17;21:00;3;SĘPOLNO;KLECINA
17;22:00;3;SĘPOLNO;KLECINA
17;23:00;0;SĘPOLNO;KLECINA
17;00:00;0;SĘPOLNO;KLECINA
17;01:00;0;SĘPOLNO;KLECINA
17;02:00;0;SĘPOLNO;KLECINA
17;03:00;0;SĘPOLNO;KLECINA
18;04:00;2;TARCZYŃSKI ARENA (KRÓLEWIECKA);GAJ
18;05:00;4;TARCZYŃSKI ARENA (KRÓLEWIECKA);GAJ
18;06:00;5;TARCZYŃSKI ARENA (KRÓLEWIECKA);GAJ
18;07:00;5;TARCZYŃSKI ARENA (KRÓLEWIECKA);GAJ
18;08:00;5;TARCZYŃSKI ARENA (KRÓLEWIECKA);GAJ
18;09:00;4;TARCZYŃSKI ARENA (KRÓLEWIECKA);GAJ
18;10:00;4;TARCZYŃSKI ARENA (KRÓLEWIECKA);GAJ
18;11:00;4;TARCZYŃSKI ARENA (KRÓLEWIECKA);GAJ
18;12:00;4;TARCZYŃSKI ARENA (KRÓLEWIECKA);GAJ
18;13:00;4;TARCZYŃSKI ARENA (KRÓLEWIECKA);GAJ
18;14:00;5;TARCZYŃSKI ARENA (KRÓLEWIECKA);GAJ
18;15:00;5;TARCZYŃSKI ARENA (KRÓLEWIECKA);GAJ
18;16:00;5;TARCZYŃSKI ARENA (KRÓLEWIECKA);GAJ
18;17:00;5;TARCZYŃSKI ARENA (KRÓLEWIECKA);GAJ
18;18:00;4;TARCZYŃSKI ARENA (KRÓLEWIECKA);GAJ
18;19:00;4;TARCZYŃSKI ARENA (KRÓLEWIECKA);GAJ
18;20:00;2;TARCZYŃSKI ARENA (KRÓLEWIECKA);GAJ
18;21:00;3;TARCZYŃSKI ARENA (KRÓLEWIECKA);GAJ
18;22:00;3;TARCZYŃSKI ARENA (KRÓLEWIECKA);GAJ
18;23:00;1;TARCZYŃSKI ARENA (KRÓLEWIECKA);GAJ
18;00:00;0;TARCZYŃSKI ARENA (KRÓLEWIECKA);GAJ
18;01:00;0;TARCZYŃSKI ARENA (KRÓLEWIECKA);GAJ
18;02:00;0;TARCZYŃSKI ARENA (KRÓLEWIECKA);GAJ
18;03:00;0;TARCZYŃSKI ARENA (KRÓLEWIECKA);GAJ
19;04:00;1;GÓRNICZA;ZOO
19;05:00;4;GÓRNICZA;ZOO
19;06:00;5;GÓRNICZA;ZOO
19;07:00;5;GÓRNICZA;ZOO
19;08:00;4;GÓRNICZA;ZOO
19;09:00;4;GÓRNICZA;ZOO
19;10:00;4;GÓRNICZA;ZOO
19;11:00;4;GÓRNICZA;ZOO
19;12:00;4;GÓRNICZA;ZOO
19;13:00;4;GÓRNICZA;ZOO
19;14:00;5;GÓRNICZA;ZOO
19;15:00;5;GÓRNICZA;ZOO
19;16:00;5;GÓRNICZA;ZOO
19;17:00;5;GÓRNICZA;ZOO
19;18:00;4;GÓRNICZA;ZOO
19;19:00;4;GÓRNICZA;ZOO
19;20:00;4;GÓRNICZA;ZOO
19;21:00;4;GÓRNICZA;ZOO
19;22:00;3;GÓRNICZA;ZOO
19;23:00;1;GÓRNICZA;ZOO
19;00:00;0;GÓRNICZA;ZOO
19;01:00;0;GÓRNICZA;ZOO
19;02:00;0;GÓRNICZA;ZOO
19;03:00;0;GÓRNICZA;ZOO
20;04:00;0;OPORÓW;LEŚNICA
20;05:00;5;OPORÓW;LEŚNICA
20;06:00;5;OPORÓW;LEŚNICA
20;07:00;5;OPORÓW;LEŚNICA
20;08:00;4;OPORÓW;LEŚNICA
20;09:00;5;OPORÓW;LEŚNICA
20;10:00;4;OPORÓW;LEŚNICA
20;11:00;4;OPORÓW;LEŚNICA
20;12:00;4;OPORÓW;LEŚNICA
20;13:00;4;OPORÓW;LEŚNICA
20;14:00;5;OPORÓW;LEŚNICA
20;15:00;5;OPORÓW;LEŚNICA
20;16:00;5;OPORÓW;LEŚNICA
20;17:00;5;OPORÓW;LEŚNICA
20;18:00;4;OPORÓW;LEŚNICA
20;19:00;5;OPORÓW;LEŚNICA
20;20:00;5;OPORÓW;LEŚNICA
20;21:00;3;OPORÓW;LEŚNICA
20;22:00;3;OPORÓW;LEŚNICA
20;23:00;2;OPORÓW;LEŚNICA
20;00:00;0;OPORÓW;LEŚNICA
20;01:00;0;OPORÓW;LEŚNICA
20;02:00;0;OPORÓW;LEŚNICA
20;03:00;0;OPORÓW;LEŚNICA
21;04:00;2;TARCZYŃSKI ARENA (KRÓLEWIECKA);GAJ
21;05:00;4;TARCZYŃSKI ARENA (KRÓLEWIECKA);GAJ
21;06:00;5;TARCZYŃSKI ARENA (KRÓLEWIECKA);GAJ
21;07:00;5;TARCZYŃSKI ARENA (KRÓLEWIECKA);GAJ
21;08:00;5;TARCZYŃSKI ARENA (KRÓLEWIECKA);GAJ
21;09:00;5;TARCZYŃSKI ARENA (KRÓLEWIECKA);GAJ
21;10:00;4;TARCZYŃSKI ARENA (KRÓLEWIECKA);GAJ
21;11:00;5;TARCZYŃSKI ARENA (KRÓLEWIECKA);GAJ
21;12:00;4;TARCZYŃSKI ARENA (KRÓLEWIECKA);GAJ
21;13:00;4;TARCZYŃSKI ARENA (KRÓLEWIECKA);GAJ
21;14:00;5;TARCZYŃSKI ARENA (KRÓLEWIECKA);GAJ
21;15:00;5;TARCZYŃSKI ARENA (KRÓLEWIECKA);GAJ
21;16:00;5;TARCZYŃSKI ARENA (KRÓLEWIECKA);GAJ
21;17:00;5;TARCZYŃSKI ARENA (KRÓLEWIECKA);GAJ
21;18:00;5;TARCZYŃSKI ARENA (KRÓLEWIECKA);GAJ
21;19:00;6;TARCZYŃSKI ARENA (KRÓLEWIECKA);GAJ
21;20:00;5;TARCZYŃSKI ARENA (KRÓLEWIECKA);GAJ
21;21:00;4;TARCZYŃSKI ARENA (KRÓLEWIECKA);GAJ
21;22:00;2;TARCZYŃSKI ARENA (KRÓLEWIECKA);GAJ
21;23:00;6;TARCZYŃSKI ARENA (KRÓLEWIECKA);GAJ
21;00:00;0;TARCZYŃSKI ARENA (KRÓLEWIECKA);GAJ
21;01:00;0;TARCZYŃSKI ARENA (KRÓLEWIECKA);GAJ
21;02:00;0;TARCZYŃSKI ARENA (KRÓLEWIECKA);GAJ
21;03:00;0;TARCZYŃSKI ARENA (KRÓLEWIECKA);GAJ
22;04:00;0;PILCZYCE;TARNOGAJ
22;05:00;3;PILCZYCE;TARNOGAJ
22;06:00;5;PILCZYCE;TARNOGAJ
22;07:00;5;PILCZYCE;TARNOGAJ
22;08:00;6;PILCZYCE;TARNOGAJ
22;09:00;4;PILCZYCE;TARNOGAJ
22;10:00;4;PILCZYCE;TARNOGAJ
22;11:00;4;PILCZYCE;TARNOGAJ
22;12:00;4;PILCZYCE;TARNOGAJ
22;13:00;4;PILCZYCE;TARNOGAJ
22;14:00;4;PILCZYCE;TARNOGAJ
22;15:00;5;PILCZYCE;TARNOGAJ
22;16:00;5;PILCZYCE;TARNOGAJ
22;17:00;6;PILCZYCE;TARNOGAJ
22;18:00;4;PILCZYCE;TARNOGAJ
22;19:00;5;PILCZYCE;TARNOGAJ
22;20:00;3;PILCZYCE;TARNOGAJ
22;21:00;3;PILCZYCE;TARNOGAJ
22;22:00;4;PILCZYCE;TARNOGAJ
22;23:00;1;PILCZYCE;TARNOGAJ
22;00:00;0;PILCZYCE;TARNOGAJ
22;01:00;0;PILCZYCE;TARNOGAJ
22;02:00;0;PILCZYCE;TARNOGAJ
22;03:00;0;PILCZYCE;TARNOGAJ
23;04:00;1;KOWALE;WROCŁAW NOWY DWÓR (P+R)
23;05:00;5;KOWALE;WROCŁAW NOWY DWÓR (P+R)
23;06:00;5;KOWALE;WROCŁAW NOWY DWÓR (P+R)
23;07:00;5;KOWALE;WROCŁAW NOWY DWÓR (P+R)
23;08:00;4;KOWALE;WROCŁAW NOWY DWÓR (P+R)
23;09:00;5;KOWALE;WROCŁAW NOWY DWÓR (P+R)
23;10:00;4;KOWALE;WROCŁAW NOWY DWÓR (P+R)
23;11:00;4;KOWALE;WROCŁAW NOWY DWÓR (P+R)
23;12:00;4;KOWALE;WROCŁAW NOWY DWÓR (P+R)
23;13:00;5;KOWALE;WROCŁAW NOWY DWÓR (P+R)
23;14:00;5;KOWALE;WROCŁAW NOWY DWÓR (P+R)
23;15:00;5;KOWALE;WROCŁAW NOWY DWÓR (P+R)
23;16:00;5;KOWALE;WROCŁAW NOWY DWÓR (P+R)
23;17:00;4;KOWALE;WROCŁAW NOWY DWÓR (P+R)
23;18:00;5;KOWALE;WROCŁAW NOWY DWÓR (P+R)
23;19:00;5;KOWALE;WROCŁAW NOWY DWÓR (P+R)
23;20:00;3;KOWALE;WROCŁAW NOWY DWÓR (P+R)
23;21:00;3;KOWALE;WROCŁAW NOWY DWÓR (P+R)
23;22:00;3;KOWALE;WROCŁAW NOWY DWÓR (P+R)
23;23:00;3;KOWALE;WROCŁAW NOWY DWÓR (P+R)
23;00:00;0;KOWALE;WROCŁAW NOWY DWÓR (P+R)
23;01:00;0;KOWALE;WROCŁAW NOWY DWÓR (P+R)
23;02:00;0;KOWALE;WROCŁAW NOWY DWÓR (P+R)
23;03:00;0;KOWALE;WROCŁAW NOWY DWÓR (P+R)
